{
 "tt32890033": {
  "ts": 1784095899.8697667,
  "rating": 3.29
 },
 "tt8814476": {
  "ts": 1784095902.9392316,
  "rating": 3.07
 },
 "tt26657236": {
  "ts": 1784095931.870017,
  "rating": 3.37
 },
 "tt37287335": {
  "ts": 1784095900.9849322,
  "rating": 4.13
 },
 "tt32565993": {
  "ts": 1784095910.8761277,
  "rating": 3.81
 },
 "tt41983440": {
  "ts": 1783409877.9843245,
  "rating": null
 },
 "tt15047880": {
  "ts": 1784095972.217068,
  "rating": 3.11
 },
 "tt28650488": {
  "ts": 1784095905.8337562,
  "rating": 2.89
 },
 "tt27419466": {
  "ts": 1784095898.889879,
  "rating": 3.25
 },
 "tt32093575": {
  "ts": 1784095903.8136044,
  "rating": 2.42
 },
 "tt7734244": {
  "ts": 1784095908.9279823,
  "rating": 3.03
 },
 "tt29567915": {
  "ts": 1784096013.17284,
  "rating": 3.54
 },
 "tt19883490": {
  "ts": 1784095906.8450897,
  "rating": null
 },
 "tt30825738": {
  "ts": 1784095909.8851895,
  "rating": 3.11
 },
 "tt39104671": {
  "ts": 1784095901.870457,
  "rating": 3.43
 },
 "tt33764258": {
  "ts": 1784095904.8197236,
  "rating": null
 },
 "tt0092890": {
  "ts": 1784095907.9292753,
  "rating": 3.75
 },
 "tt3075214": {
  "ts": 1784095911.8758597,
  "rating": null
 },
 "tt29623480": {
  "ts": 1784095912.8120975,
  "rating": 4.21
 },
 "tt17528660": {
  "ts": 1784095913.8435333,
  "rating": null
 },
 "tt39814688": {
  "ts": 1784095922.8673666,
  "rating": 3.39
 },
 "tt41692123": {
  "ts": 1784095915.8335376,
  "rating": 3.44
 },
 "tt33296751": {
  "ts": 1784095919.8052857,
  "rating": 3.75
 },
 "tt42574015": {
  "ts": 1784095923.864106,
  "rating": null
 },
 "tt43509005": {
  "ts": 1784095918.8148935,
  "rating": null
 },
 "tt35453057": {
  "ts": 1783409898.6366522,
  "rating": 3.35
 },
 "tt39751309": {
  "ts": 1784095952.9456449,
  "rating": 2.86
 },
 "tt26940053": {
  "ts": 1784095914.9345007,
  "rating": 3.43
 },
 "tt33586629": {
  "ts": 1784095926.9187057,
  "rating": 3.57
 },
 "tt41974661": {
  "ts": 1784095930.864897,
  "rating": null
 },
 "tt40678603": {
  "ts": 1784095929.8106644,
  "rating": null
 },
 "tt33612209": {
  "ts": 1784095935.907293,
  "rating": 3.18
 },
 "tt0758758": {
  "ts": 1783409905.675755,
  "rating": 3.84
 },
 "tt0010711": {
  "ts": 1783409906.5566435,
  "rating": null
 },
 "tt33311069": {
  "ts": 1784096008.0329165,
  "rating": 3.87
 },
 "tt39316472": {
  "ts": 1784095934.8000438,
  "rating": 3.51
 },
 "tt11378946": {
  "ts": 1784095925.816598,
  "rating": 3.6
 },
 "tt31170389": {
  "ts": 1784095932.8202004,
  "rating": 3.45
 },
 "tt0072271": {
  "ts": 1783409911.676349,
  "rating": 3.78
 },
 "tt37495239": {
  "ts": 1784095933.8518355,
  "rating": 2.84
 },
 "tt29544253": {
  "ts": 1784095937.892832,
  "rating": 2.88
 },
 "tt27548557": {
  "ts": 1783409914.8479943,
  "rating": null
 },
 "tt33996352": {
  "ts": 1784095938.8855946,
  "rating": 3.32
 },
 "tt36591456": {
  "ts": 1783409916.999232,
  "rating": null
 },
 "tt0100356": {
  "ts": 1784095939.8811936,
  "rating": 3.58
 },
 "tt38607784": {
  "ts": 1784095940.8989398,
  "rating": 2.82
 },
 "tt22084616": {
  "ts": 1784095941.7977111,
  "rating": null
 },
 "tt19861162": {
  "ts": 1784095942.9424996,
  "rating": 3.09
 },
 "tt0088247": {
  "ts": 1784095943.9226155,
  "rating": 3.88
 },
 "tt43619348": {
  "ts": 1784095944.8227196,
  "rating": null
 },
 "tt38884015": {
  "ts": 1784095945.8756897,
  "rating": null
 },
 "tt0145688": {
  "ts": 1784095946.8235614,
  "rating": null
 },
 "tt0245429": {
  "ts": 1784095948.0486526,
  "rating": 4.44
 },
 "tt37436831": {
  "ts": 1784095948.872797,
  "rating": 2.42
 },
 "tt6198412": {
  "ts": 1784095949.8645506,
  "rating": null
 },
 "tt37853455": {
  "ts": 1784095950.8434985,
  "rating": null
 },
 "tt0232500": {
  "ts": 1784095951.8178012,
  "rating": 3.53
 },
 "tt0077745": {
  "ts": 1784095953.8572772,
  "rating": 3.94
 },
 "tt0034583": {
  "ts": 1784095954.895833,
  "rating": 4.28
 },
 "tt30343021": {
  "ts": 1783409933.4878983,
  "rating": 3.3
 },
 "tt0094862": {
  "ts": 1784095956.9376574,
  "rating": 3.33
 },
 "tt2186566": {
  "ts": 1784095957.908557,
  "rating": 2.84
 },
 "tt0075148": {
  "ts": 1784095958.823665,
  "rating": 4.11
 },
 "tt0081505": {
  "ts": 1784095959.903776,
  "rating": 4.22
 },
 "tt0457939": {
  "ts": 1784095960.905633,
  "rating": 3.62
 },
 "tt0100157": {
  "ts": 1784095961.8154712,
  "rating": 3.99
 },
 "tt32986839": {
  "ts": 1784095962.8694527,
  "rating": 3.79
 },
 "tt0108052": {
  "ts": 1783409942.2063818,
  "rating": 4.54
 },
 "tt0086879": {
  "ts": 1783409943.433762,
  "rating": 4.36
 },
 "tt33381401": {
  "ts": 1784095981.5612187,
  "rating": 3.67
 },
 "tt32528560": {
  "ts": 1783409945.672497,
  "rating": 3.25
 },
 "tt33515714": {
  "ts": 1784095967.3264236,
  "rating": 3.55
 },
 "tt1020559": {
  "ts": 1783409947.733615,
  "rating": 3.27
 },
 "tt2066051": {
  "ts": 1783409949.1363451,
  "rating": 3.7
 },
 "tt31514146": {
  "ts": 1784095969.305457,
  "rating": 4.25
 },
 "tt20559796": {
  "ts": 1783409951.002854,
  "rating": 3.7
 },
 "tt37537636": {
  "ts": 1784096033.7665932,
  "rating": 3.83
 },
 "tt32429174": {
  "ts": 1783409953.1929333,
  "rating": 3.68
 },
 "tt39602467": {
  "ts": 1784095965.3208177,
  "rating": 3.3
 },
 "tt34487826": {
  "ts": 1784095964.3289497,
  "rating": 3.11
 },
 "tt41991199": {
  "ts": 1784095936.8554578,
  "rating": null
 },
 "tt0118528": {
  "ts": 1783409957.555861,
  "rating": 3.92
 },
 "tt22777288": {
  "ts": 1784095968.306608,
  "rating": 3.39
 },
 "tt36586751": {
  "ts": 1784095970.3201172,
  "rating": 2.99
 },
 "tt0073195": {
  "ts": 1784095971.3518748,
  "rating": 3.92
 },
 "tt11542214": {
  "ts": 1783409962.5682847,
  "rating": 2.74
 },
 "tt0806139": {
  "ts": 1784095973.287654,
  "rating": 3.56
 },
 "tt21331016": {
  "ts": 1784095974.348897,
  "rating": 2.17
 },
 "tt38875798": {
  "ts": 1784095976.2746181,
  "rating": 3.05
 },
 "tt0095327": {
  "ts": 1784096006.1169605,
  "rating": 4.48
 },
 "tt32273171": {
  "ts": 1784096007.1168337,
  "rating": 3.06
 },
 "tt36874833": {
  "ts": 1784095920.8639183,
  "rating": 3.53
 },
 "tt37022391": {
  "ts": 1784095928.885105,
  "rating": 3.59
 },
 "tt30797042": {
  "ts": 1783409970.966592,
  "rating": 3.04
 },
 "tt12042730": {
  "ts": 1784096042.693553,
  "rating": 4.31
 },
 "tt29002950": {
  "ts": 1784095987.9574604,
  "rating": 4.05
 },
 "tt1893269": {
  "ts": 1783409974.0426965,
  "rating": 3.64
 },
 "tt6574146": {
  "ts": 1783409975.072284,
  "rating": 3.11
 },
 "tt14507394": {
  "ts": 1783409975.9915247,
  "rating": 2.35
 },
 "tt41072606": {
  "ts": 1784095983.541418,
  "rating": null
 },
 "tt32204858": {
  "ts": 1783409977.82703,
  "rating": 3.93
 },
 "tt39368062": {
  "ts": 1784095984.5718977,
  "rating": 3.59
 },
 "tt29316652": {
  "ts": 1783409979.8740609,
  "rating": null
 },
 "tt15799524": {
  "ts": 1783409981.005701,
  "rating": 3.38
 },
 "tt32214143": {
  "ts": 1783409981.9306488,
  "rating": 2.58
 },
 "tt0113247": {
  "ts": 1783409982.8512356,
  "rating": 4.5
 },
 "tt30387012": {
  "ts": 1783409984.1795034,
  "rating": 2.6
 },
 "tt31189315": {
  "ts": 1784095982.5520635,
  "rating": 3.11
 },
 "tt36510056": {
  "ts": 1783409986.027772,
  "rating": 3.23
 },
 "tt0245712": {
  "ts": 1784095980.5473902,
  "rating": 4.19
 },
 "tt35069701": {
  "ts": 1784095985.578805,
  "rating": 3.53
 },
 "tt0202660": {
  "ts": 1783409988.9894598,
  "rating": null
 },
 "tt0816692": {
  "ts": 1783409990.1260045,
  "rating": 4.44
 },
 "tt32321317": {
  "ts": 1783409991.1398358,
  "rating": 3.5
 },
 "tt27811632": {
  "ts": 1783409992.1891098,
  "rating": 3.76
 },
 "tt7160372": {
  "ts": 1783409993.394965,
  "rating": 3.86
 },
 "tt1233334": {
  "ts": 1783409994.6258802,
  "rating": 4.05
 },
 "tt35439895": {
  "ts": 1783409995.7252278,
  "rating": 3.54
 },
 "tt36943034": {
  "ts": 1784095988.916503,
  "rating": 4.39
 },
 "tt31065370": {
  "ts": 1784095989.885122,
  "rating": 3.55
 },
 "tt35494605": {
  "ts": 1784095990.855727,
  "rating": 3.32
 },
 "tt41373111": {
  "ts": 1783409999.6554976,
  "rating": null
 },