{
 "tt32890033": {
  "ts": 1783409872.7894814,
  "rating": 3.3
 },
 "tt8814476": {
  "ts": 1783409873.7784889,
  "rating": 3.07
 },
 "tt26657236": {
  "ts": 1783409874.789739,
  "rating": 3.37
 },
 "tt37287335": {
  "ts": 1783409875.701268,
  "rating": 4.13
 },
 "tt32565993": {
  "ts": 1783409876.7485244,
  "rating": 3.81
 },
 "tt41983440": {
  "ts": 1783409877.9843245,
  "rating": null
 },
 "tt15047880": {
  "ts": 1783409878.7884352,
  "rating": 3.11
 },
 "tt28650488": {
  "ts": 1783409879.8429224,
  "rating": 2.89
 },
 "tt27419466": {
  "ts": 1783409880.8544815,
  "rating": null
 },
 "tt32093575": {
  "ts": 1783409881.948945,
  "rating": 2.41
 },
 "tt7734244": {
  "ts": 1783409882.9850042,
  "rating": 3.02
 },
 "tt29567915": {
  "ts": 1783409883.9546585,
  "rating": 3.53
 },
 "tt19883490": {
  "ts": 1783409885.0484874,
  "rating": null
 },
 "tt30825738": {
  "ts": 1783409886.075734,
  "rating": 3.1
 },
 "tt39104671": {
  "ts": 1783409887.181606,
  "rating": 3.43
 },
 "tt33764258": {
  "ts": 1783409888.0328052,
  "rating": null
 },
 "tt0092890": {
  "ts": 1783409889.1938539,
  "rating": 3.75
 },
 "tt3075214": {
  "ts": 1783409890.210025,
  "rating": null
 },
 "tt29623480": {
  "ts": 1783409891.2678468,
  "rating": 4.2
 },
 "tt17528660": {
  "ts": 1783409892.1897328,
  "rating": null
 },
 "tt39814688": {
  "ts": 1783409893.1399174,
  "rating": 3.39
 },
 "tt41692123": {
  "ts": 1783409894.1692843,
  "rating": 3.44
 },
 "tt33296751": {
  "ts": 1783409894.9961503,
  "rating": 3.75
 },
 "tt42574015": {
  "ts": 1783409896.3700657,
  "rating": null
 },
 "tt43509005": {
  "ts": 1783409897.4605992,
  "rating": null
 },
 "tt35453057": {
  "ts": 1783409898.6366522,
  "rating": 3.35
 },
 "tt39751309": {
  "ts": 1783409899.6757252,
  "rating": 2.85
 },
 "tt26940053": {
  "ts": 1783409900.6607273,
  "rating": 3.43
 },
 "tt33586629": {
  "ts": 1783409901.6385293,
  "rating": 3.57
 },
 "tt41974661": {
  "ts": 1783409902.6997612,
  "rating": null
 },
 "tt40678603": {
  "ts": 1783409903.4811125,
  "rating": null
 },
 "tt33612209": {
  "ts": 1783409904.5016773,
  "rating": 3.18
 },
 "tt0758758": {
  "ts": 1783409905.675755,
  "rating": 3.84
 },
 "tt0010711": {
  "ts": 1783409906.5566435,
  "rating": null
 },
 "tt33311069": {
  "ts": 1783409907.6658893,
  "rating": 3.87
 },
 "tt39316472": {
  "ts": 1783409908.6081219,
  "rating": 3.52
 },
 "tt11378946": {
  "ts": 1783409909.6354418,
  "rating": 3.6
 },
 "tt31170389": {
  "ts": 1783409910.5667255,
  "rating": null
 },
 "tt0072271": {
  "ts": 1783409911.676349,
  "rating": 3.78
 },
 "tt37495239": {
  "ts": 1783409912.5904126,
  "rating": 2.83
 },
 "tt29544253": {
  "ts": 1783409914.045033,
  "rating": 2.88
 },
 "tt27548557": {
  "ts": 1783409914.8479943,
  "rating": null
 },
 "tt33996352": {
  "ts": 1783409916.003178,
  "rating": 3.32
 },
 "tt36591456": {
  "ts": 1783409916.999232,
  "rating": null
 },
 "tt0100356": {
  "ts": 1783409918.0181403,
  "rating": 3.58
 },
 "tt38607784": {
  "ts": 1783409918.9541125,
  "rating": 2.79
 },
 "tt22084616": {
  "ts": 1783409919.853628,
  "rating": null
 },
 "tt19861162": {
  "ts": 1783409921.1037154,
  "rating": 3.09
 },
 "tt0088247": {
  "ts": 1783409922.3271296,
  "rating": 3.87
 },
 "tt43619348": {
  "ts": 1783409923.144069,
  "rating": null
 },
 "tt38884015": {
  "ts": 1783409924.1669917,
  "rating": null
 },
 "tt0145688": {
  "ts": 1783409925.190329,
  "rating": null
 },
 "tt0245429": {
  "ts": 1783409926.3268023,
  "rating": 4.44
 },
 "tt37436831": {
  "ts": 1783409927.2437348,
  "rating": 2.39
 },
 "tt6198412": {
  "ts": 1783409928.268704,
  "rating": null
 },
 "tt37853455": {
  "ts": 1783409929.1407447,
  "rating": null
 },
 "tt0232500": {
  "ts": 1783409930.3360763,
  "rating": 3.52
 },
 "tt0077745": {
  "ts": 1783409931.3361907,
  "rating": 3.94
 },
 "tt0034583": {
  "ts": 1783409932.4104636,
  "rating": 4.28
 },
 "tt30343021": {
  "ts": 1783409933.4878983,
  "rating": 3.3
 },
 "tt0094862": {
  "ts": 1783409934.9256501,
  "rating": 3.32
 },
 "tt2186566": {
  "ts": 1783409935.948478,
  "rating": 2.83
 },
 "tt0075148": {
  "ts": 1783409936.9742675,
  "rating": 4.1
 },
 "tt0081505": {
  "ts": 1783409937.9019163,
  "rating": 4.22
 },
 "tt0457939": {
  "ts": 1783409938.9043891,
  "rating": 3.61
 },
 "tt0100157": {
  "ts": 1783409939.8269875,
  "rating": 3.99
 },
 "tt32986839": {
  "ts": 1783409941.0845942,
  "rating": 3.79
 },
 "tt0108052": {
  "ts": 1783409942.2063818,
  "rating": 4.54
 },
 "tt0086879": {
  "ts": 1783409943.433762,
  "rating": 4.36
 },
 "tt33381401": {
  "ts": 1783409944.5341427,
  "rating": 3.67
 },
 "tt32528560": {
  "ts": 1783409945.672497,
  "rating": 3.25
 },
 "tt33515714": {
  "ts": 1783409946.70035,
  "rating": 3.55
 },
 "tt1020559": {
  "ts": 1783409947.733615,
  "rating": 3.27
 },
 "tt2066051": {
  "ts": 1783409949.1363451,
  "rating": 3.7
 },
 "tt31514146": {
  "ts": 1783409949.8565452,
  "rating": 4.25
 },
 "tt20559796": {
  "ts": 1783409951.002854,
  "rating": 3.7
 },
 "tt37537636": {
  "ts": 1783409952.1272,
  "rating": 3.83
 },
 "tt32429174": {
  "ts": 1783409953.1929333,
  "rating": 3.68
 },
 "tt39602467": {
  "ts": 1783409954.2728114,
  "rating": 3.3
 },
 "tt34487826": {
  "ts": 1783409955.6235285,
  "rating": 3.1
 },
 "tt41991199": {
  "ts": 1783409956.5255704,
  "rating": null
 },
 "tt0118528": {
  "ts": 1783409957.555861,
  "rating": 3.92
 },
 "tt22777288": {
  "ts": 1783409958.7330747,
  "rating": 3.39
 },
 "tt36586751": {
  "ts": 1783409960.1200676,
  "rating": 2.97
 },
 "tt0073195": {
  "ts": 1783409961.346776,
  "rating": 3.92
 },
 "tt11542214": {
  "ts": 1783409962.5682847,
  "rating": 2.74
 },
 "tt0806139": {
  "ts": 1783409963.3922668,
  "rating": 3.56
 },
 "tt21331016": {
  "ts": 1783409964.6171858,
  "rating": 2.13
 },
 "tt38875798": {
  "ts": 1783409965.7468207,
  "rating": 3.04
 },
 "tt0095327": {
  "ts": 1783409966.8762674,
  "rating": 4.48
 },
 "tt32273171": {
  "ts": 1783409967.892266,
  "rating": 3.06
 },
 "tt36874833": {
  "ts": 1783409969.0265677,
  "rating": 3.53
 },
 "tt37022391": {
  "ts": 1783409970.0433536,
  "rating": 3.59
 },
 "tt30797042": {
  "ts": 1783409970.966592,
  "rating": 3.04
 },
 "tt12042730": {
  "ts": 1783409971.7804503,
  "rating": 4.31
 },
 "tt29002950": {
  "ts": 1783409972.8137228,
  "rating": 4.05
 },
 "tt1893269": {
  "ts": 1783409974.0426965,
  "rating": 3.64
 },
 "tt6574146": {
  "ts": 1783409975.072284,
  "rating": 3.11
 },
 "tt14507394": {
  "ts": 1783409975.9915247,
  "rating": 2.35
 },
 "tt41072606": {
  "ts": 1783409976.9071417,
  "rating": null
 },
 "tt32204858": {
  "ts": 1783409977.82703,
  "rating": 3.93
 },
 "tt39368062": {
  "ts": 1783409979.058399,
  "rating": 3.59
 },
 "tt29316652": {
  "ts": 1783409979.8740609,
  "rating": null
 },
 "tt15799524": {
  "ts": 1783409981.005701,
  "rating": 3.38
 },
 "tt32214143": {
  "ts": 1783409981.9306488,
  "rating": 2.58
 },
 "tt0113247": {
  "ts": 1783409982.8512356,
  "rating": 4.5
 },
 "tt30387012": {
  "ts": 1783409984.1795034,
  "rating": 2.6
 },
 "tt31189315": {
  "ts": 1783409985.0952601,
  "rating": 3.11
 },
 "tt36510056": {
  "ts": 1783409986.027772,
  "rating": 3.23
 },
 "tt0245712": {
  "ts": 1783409986.9430666,
  "rating": 4.19
 },
 "tt35069701": {
  "ts": 1783409988.1705234,
  "rating": 3.54
 },
 "tt0202660": {
  "ts": 1783409988.9894598,
  "rating": null
 },
 "tt0816692": {
  "ts": 1783409990.1260045,
  "rating": 4.44
 },
 "tt32321317": {
  "ts": 1783409991.1398358,
  "rating": 3.5
 },
 "tt27811632": {
  "ts": 1783409992.1891098,
  "rating": 3.76
 },
 "tt7160372": {
  "ts": 1783409993.394965,
  "rating": 3.86
 },
 "tt1233334": {
  "ts": 1783409994.6258802,
  "rating": 4.05
 },
 "tt35439895": {
  "ts": 1783409995.7252278,
  "rating": 3.54
 },
 "tt36943034": {
  "ts": 1783409996.453739,
  "rating": 4.39
 },
 "tt31065370": {
  "ts": 1783409997.5936642,
  "rating": 3.55
 },
 "tt35494605": {
  "ts": 1783409998.422991,
  "rating": 3.31
 },
 "tt41373111": {
  "ts": 1783409999.6554976,
  "rating": null
 },