{
 "tt32890033": {
  "ts": 1784701552.4810655,
  "rating": 3.27
 },
 "tt8814476": {
  "ts": 1784701582.552188,
  "rating": 3.07
 },
 "tt26657236": {
  "ts": 1784701581.396786,
  "rating": 3.36
 },
 "tt37287335": {
  "ts": 1784701555.4025745,
  "rating": 4.12
 },
 "tt32565993": {
  "ts": 1784701580.4706178,
  "rating": 3.8
 },
 "tt41983440": {
  "ts": 1783409877.9843245,
  "rating": null
 },
 "tt15047880": {
  "ts": 1784701680.503672,
  "rating": 3.11
 },
 "tt28650488": {
  "ts": 1784701560.3827207,
  "rating": 2.89
 },
 "tt27419466": {
  "ts": 1784701553.3808475,
  "rating": 3.04
 },
 "tt32093575": {
  "ts": 1784701588.3837402,
  "rating": 2.41
 },
 "tt7734244": {
  "ts": 1784701556.3844428,
  "rating": 3.04
 },
 "tt29567915": {
  "ts": 1784701661.3214116,
  "rating": 3.54
 },
 "tt19883490": {
  "ts": 1784701558.4437811,
  "rating": null
 },
 "tt30825738": {
  "ts": 1784701557.3838108,
  "rating": 3.11
 },
 "tt39104671": {
  "ts": 1784701561.4320955,
  "rating": 3.42
 },
 "tt33764258": {
  "ts": 1784701554.3954842,
  "rating": 4.36
 },
 "tt0092890": {
  "ts": 1784095907.9292753,
  "rating": 3.75
 },
 "tt3075214": {
  "ts": 1784701564.4469626,
  "rating": null
 },
 "tt29623480": {
  "ts": 1784701565.3879907,
  "rating": 4.21
 },
 "tt17528660": {
  "ts": 1784701566.4683456,
  "rating": null
 },
 "tt39814688": {
  "ts": 1784701574.4542532,
  "rating": 3.4
 },
 "tt41692123": {
  "ts": 1784701571.4243793,
  "rating": 3.44
 },
 "tt33296751": {
  "ts": 1784701573.4651525,
  "rating": 3.76
 },
 "tt42574015": {
  "ts": 1784701568.3871162,
  "rating": null
 },
 "tt43509005": {
  "ts": 1784701570.3832016,
  "rating": 3.61
 },
 "tt35453057": {
  "ts": 1783409898.6366522,
  "rating": 3.35
 },
 "tt39751309": {
  "ts": 1784701605.0881653,
  "rating": 2.87
 },
 "tt26940053": {
  "ts": 1784701576.3893287,
  "rating": 3.43
 },
 "tt33586629": {
  "ts": 1784701577.4882412,
  "rating": 3.57
 },
 "tt41974661": {
  "ts": 1784701579.382653,
  "rating": null
 },
 "tt40678603": {
  "ts": 1784701578.3953564,
  "rating": null
 },
 "tt33612209": {
  "ts": 1784701587.3855693,
  "rating": 3.18
 },
 "tt0758758": {
  "ts": 1783409905.675755,
  "rating": 3.84
 },
 "tt0010711": {
  "ts": 1783409906.5566435,
  "rating": null
 },
 "tt33311069": {
  "ts": 1784701659.3106446,
  "rating": 3.86
 },
 "tt39316472": {
  "ts": 1784701684.492185,
  "rating": 3.5
 },
 "tt11378946": {
  "ts": 1784701583.3927972,
  "rating": 3.61
 },
 "tt31170389": {
  "ts": 1784701585.3875716,
  "rating": 3.33
 },
 "tt0072271": {
  "ts": 1783409911.676349,
  "rating": 3.78
 },
 "tt37495239": {
  "ts": 1784701678.550766,
  "rating": 2.84
 },
 "tt29544253": {
  "ts": 1784701589.5074403,
  "rating": 2.88
 },
 "tt27548557": {
  "ts": 1783409914.8479943,
  "rating": null
 },
 "tt33996352": {
  "ts": 1784701586.4711022,
  "rating": 3.32
 },
 "tt36591456": {
  "ts": 1783409916.999232,
  "rating": null
 },
 "tt0100356": {
  "ts": 1784095939.8811936,
  "rating": 3.58
 },
 "tt38607784": {
  "ts": 1784701584.4400845,
  "rating": 2.85
 },
 "tt22084616": {
  "ts": 1784701562.4534075,
  "rating": null
 },
 "tt19861162": {
  "ts": 1784701591.514957,
  "rating": 3.1
 },
 "tt0088247": {
  "ts": 1784701592.4005678,
  "rating": 3.88
 },
 "tt43619348": {
  "ts": 1784701593.4000857,
  "rating": null
 },
 "tt38884015": {
  "ts": 1784701563.4224448,
  "rating": null
 },
 "tt0145688": {
  "ts": 1784701594.413874,
  "rating": null
 },
 "tt0245429": {
  "ts": 1784701595.3912146,
  "rating": 4.44
 },
 "tt37436831": {
  "ts": 1784701596.3864179,
  "rating": 2.42
 },
 "tt6198412": {
  "ts": 1784701600.530738,
  "rating": null
 },
 "tt37853455": {
  "ts": 1784701602.7336044,
  "rating": null
 },
 "tt0232500": {
  "ts": 1784701604.209856,
  "rating": 3.53
 },
 "tt0077745": {
  "ts": 1784701606.0921488,
  "rating": 3.94
 },
 "tt0034583": {
  "ts": 1784701610.096337,
  "rating": 4.28
 },
 "tt30343021": {
  "ts": 1783409933.4878983,
  "rating": 3.3
 },
 "tt0094862": {
  "ts": 1784701612.253818,
  "rating": 3.33
 },
 "tt2186566": {
  "ts": 1784701613.0896995,
  "rating": 2.86
 },
 "tt0075148": {
  "ts": 1784701614.0949252,
  "rating": 4.11
 },
 "tt0081505": {
  "ts": 1784701615.0910275,
  "rating": 4.22
 },
 "tt0457939": {
  "ts": 1784701618.9769187,
  "rating": 3.62
 },
 "tt0100157": {
  "ts": 1784701623.0242424,
  "rating": 3.99
 },
 "tt32986839": {
  "ts": 1784701623.3973112,
  "rating": 3.78
 },
 "tt0108052": {
  "ts": 1783409942.2063818,
  "rating": 4.54
 },
 "tt0086879": {
  "ts": 1783409943.433762,
  "rating": 4.36
 },
 "tt33381401": {
  "ts": 1784701667.3140607,
  "rating": 3.66
 },
 "tt32528560": {
  "ts": 1783409945.672497,
  "rating": 3.25
 },
 "tt33515714": {
  "ts": 1784701626.3753939,
  "rating": 3.55
 },
 "tt1020559": {
  "ts": 1783409947.733615,
  "rating": 3.27
 },
 "tt2066051": {
  "ts": 1783409949.1363451,
  "rating": 3.7
 },
 "tt31514146": {
  "ts": 1784701624.5253632,
  "rating": 4.25
 },
 "tt20559796": {
  "ts": 1783409951.002854,
  "rating": 3.7
 },
 "tt37537636": {
  "ts": 1784701672.3206136,
  "rating": 3.83
 },
 "tt32429174": {
  "ts": 1783409953.1929333,
  "rating": 3.68
 },
 "tt39602467": {
  "ts": 1784701627.3076096,
  "rating": 3.3
 },
 "tt34487826": {
  "ts": 1784701657.3078437,
  "rating": 3.12
 },
 "tt41991199": {
  "ts": 1784701590.449254,
  "rating": null
 },
 "tt0118528": {
  "ts": 1783409957.555861,
  "rating": 3.92
 },
 "tt22777288": {
  "ts": 1784095968.306608,
  "rating": 3.39
 },
 "tt36586751": {
  "ts": 1784701628.4043658,
  "rating": 3.02
 },
 "tt0073195": {
  "ts": 1784701629.4113982,
  "rating": 3.92
 },
 "tt11542214": {
  "ts": 1783409962.5682847,
  "rating": 2.74
 },
 "tt0806139": {
  "ts": 1784095973.287654,
  "rating": 3.56
 },
 "tt21331016": {
  "ts": 1784701630.452218,
  "rating": 2.21
 },
 "tt38875798": {
  "ts": 1784701632.3100414,
  "rating": 3.05
 },
 "tt0095327": {
  "ts": 1784701658.3087325,
  "rating": 4.48
 },
 "tt32273171": {
  "ts": 1784096007.1168337,
  "rating": 3.06
 },
 "tt36874833": {
  "ts": 1784095920.8639183,
  "rating": 3.53
 },
 "tt37022391": {
  "ts": 1784701634.3054354,
  "rating": 3.59
 },
 "tt30797042": {
  "ts": 1783409970.966592,
  "rating": 3.04
 },
 "tt12042730": {
  "ts": 1784701683.4945967,
  "rating": 4.32
 },
 "tt29002950": {
  "ts": 1784095987.9574604,
  "rating": 4.05
 },
 "tt1893269": {
  "ts": 1783409974.0426965,
  "rating": 3.64
 },
 "tt6574146": {
  "ts": 1783409975.072284,
  "rating": 3.11
 },
 "tt14507394": {
  "ts": 1783409975.9915247,
  "rating": 2.35
 },
 "tt41072606": {
  "ts": 1784701637.3616586,
  "rating": null
 },
 "tt32204858": {
  "ts": 1783409977.82703,
  "rating": 3.93
 },
 "tt39368062": {
  "ts": 1784701639.3066196,
  "rating": 3.58
 },
 "tt29316652": {
  "ts": 1783409979.8740609,
  "rating": null
 },
 "tt15799524": {
  "ts": 1783409981.005701,
  "rating": 3.38
 },
 "tt32214143": {
  "ts": 1783409981.9306488,
  "rating": 2.58
 },
 "tt0113247": {
  "ts": 1783409982.8512356,
  "rating": 4.5
 },
 "tt30387012": {
  "ts": 1783409984.1795034,
  "rating": 2.6
 },
 "tt31189315": {
  "ts": 1784701638.4323044,
  "rating": 3.12
 },
 "tt36510056": {
  "ts": 1783409986.027772,
  "rating": 3.23
 },
 "tt0245712": {
  "ts": 1784095980.5473902,
  "rating": 4.19
 },
 "tt35069701": {
  "ts": 1784701636.3064923,
  "rating": 3.53
 },
 "tt0202660": {
  "ts": 1783409988.9894598,
  "rating": null
 },
 "tt0816692": {
  "ts": 1783409990.1260045,
  "rating": 4.44
 },
 "tt32321317": {
  "ts": 1783409991.1398358,
  "rating": 3.5
 },
 "tt27811632": {
  "ts": 1783409992.1891098,
  "rating": 3.76
 },
 "tt7160372": {
  "ts": 1783409993.394965,
  "rating": 3.86
 },
 "tt1233334": {
  "ts": 1783409994.6258802,
  "rating": 4.05
 },
 "tt35439895": {
  "ts": 1783409995.7252278,
  "rating": 3.54
 },
 "tt36943034": {
  "ts": 1784095988.916503,
  "rating": 4.39
 },
 "tt31065370": {
  "ts": 1784701642.3089187,
  "rating": 3.54
 },
 "tt35494605": {
  "ts": 1784701643.3067214,
  "rating": 3.32
 },
 "tt41373111": {
  "ts": 1783409999.6554976,
  "rating": null
 },